{
  "KP": [
    3856.6176030573793,
    5378.659034423416,
    2428.81373690162,
    303.6426489666641,
    678.4396044732371,
    106.5402486484546,
    50.00103868947573
  ],
  "KD": [
    608.2220472881208,
    619.5922630695193,
    327.41690493639356,
    661.3063999800612,
    330.2509204522442,
    367.65693948964616,
    94.97362831664026
  ],
  "KI": [
    4.281321023584664,
    7.518670225017862,
    1.2055500085974546,
    2.352650690348451,
    8.25608948968114,
    9.99936847728913,
    4.540193000001613
  ],
  "MANEUVER_TIME": 1.5000236280512769,
  "cost": 29935.726735
}