{
  "KP": [
    4711.361661751179,
    4457.441526744549,
    5933.305374053716,
    1304.0840410759156,
    182.18676846694223,
    2377.1964201940627,
    50.023462646718166
  ],
  "KD": [
    899.8248553031859,
    298.24777027975375,
    699.9274199642055,
    607.1466183857762,
    335.73525298479865,
    10.001498397838544,
    89.39426930269101
  ],
  "KI": [
    8.723541036712653,
    7.733545814036743,
    6.161381694767844,
    5.247759011950944,
    4.4365423222418325,
    5.20630005675544,
    9.937200809764944
  ],
  "MANEUVER_TIME": 1.5005446639150017,
  "cost": 29515.694026
}